<PAMDataset>
  <Metadata>
    <MDI key="DataType">Generic</MDI>
  </Metadata>
  <PAMRasterBand band="1">
    <Histograms>
      <HistItem>
        <HistMin>-128.5</HistMin>
        <HistMax>127.5</HistMax>
        <BucketCount>256</BucketCount>
        <IncludeOutOfRange>1</IncludeOutOfRange>
        <Approximate>0</Approximate>
        <HistCounts>0|0|0|0|0|0|0|0|0|0|0|0|0|0|0|0|0|0|0|0|0|0|0|0|0|0|0|0|0|0|0|0|0|0|0|0|0|0|0|0|0|0|0|0|0|0|0|0|0|0|0|0|0|0|0|0|0|0|0|0|0|0|0|0|0|0|0|0|0|0|0|0|0|0|0|0|0|0|0|0|0|0|0|0|0|0|0|0|0|0|0|0|0|0|0|0|0|0|0|0|0|0|0|0|0|0|0|0|0|0|0|0|0|0|0|0|0|0|0|0|0|0|0|0|0|0|0|0|0|260367|2807|98267|53256|1152|0|3192|275|0|45895|0|0|0|0|0|0|0|0|0|0|0|0|0|0|0|0|0|0|0|0|0|0|0|0|0|0|0|0|0|0|0|0|0|0|0|0|0|0|0|0|0|0|0|0|0|0|0|0|0|0|0|0|0|0|0|0|0|0|0|0|0|0|0|0|0|0|0|0|0|0|0|0|0|0|0|0|0|0|0|0|0|0|0|0|0|0|0|0|0|0|0|0|0|0|0|0|0|0|0|0|0|0|0|0|0|0|0|0|0|0|0|0|0|0|0|0|0</HistCounts>
      </HistItem>
    </Histograms>
    <GDALRasterAttributeTable tableType="thematic">
      <FieldDefn index="0">
        <Name>field</Name>
        <Type>0</Type>
        <Usage>0</Usage>
      </FieldDefn>
      <FieldDefn index="1">
        <Name>Expe</Name>
        <Type>0</Type>
        <Usage>0</Usage>
      </FieldDefn>
      <FieldDefn index="2">
        <Name>area 1</Name>
        <Type>1</Type>
        <Usage>0</Usage>
      </FieldDefn>
      <Row index="0">
        <F>1</F>
        <F>100</F>
        <F>5</F>
      </Row>
      <Row index="1">
        <F>2</F>
        <F>200</F>
        <F>2.5</F>
      </Row>
      <Row index="2">
        <F>3</F>
        <F>400</F>
        <F>6</F>
      </Row>
      <Row index="3">
        <F>4</F>
        <F>300</F>
        <F>1.2</F>
      </Row>
      <Row index="4">
        <F>5</F>
        <F>600</F>
        <F>8</F>
      </Row>
      <Row index="5">
        <F>7</F>
        <F>7676</F>
        <F>34</F>
      </Row>
      <Row index="6">
        <F>8</F>
        <F>5454</F>
        <F>3</F>
      </Row>
      <Row index="7">
        <F>10</F>
        <F>4</F>
        <F>45</F>
      </Row>
    </GDALRasterAttributeTable>
    <Metadata>
      <MDI key="RepresentationType">THEMATIC</MDI>
      <MDI key="STATISTICS_COVARIANCES">7.246536302225828</MDI>
      <MDI key="STATISTICS_MAXIMUM">10</MDI>
      <MDI key="STATISTICS_MEAN">2.7150260849377</MDI>
      <MDI key="STATISTICS_MINIMUM">1</MDI>
      <MDI key="STATISTICS_SKIPFACTORX">1</MDI>
      <MDI key="STATISTICS_SKIPFACTORY">1</MDI>
      <MDI key="STATISTICS_STDDEV">2.6919391341978</MDI>
    </Metadata>
  </PAMRasterBand>
</PAMDataset>
